<?xml version="1.0" encoding="UTF-8"?>
<Student>
   <PersonDetails>
      <id>106119006</id>
      <name>Advai</name>
      <city>Pune</city>
      <Branch>CSE</Branch>
      <Year>III</Year>
   </PersonDetails>
   <PersonDetails>
      <id>107119100</id>
      <name>Shyam</name>
      <city>Chennai</city>
      <Branch>EEE</Branch>
      <Year>III</Year>
   </PersonDetails>
   <PersonDetails>
      <id>108119120</id>
      <name>Laxmi</name>
      <city>Delhi</city>
      <Branch>ECE</Branch>
      <Year>III</Year>
   </PersonDetails>
   <PersonDetails>
      <id>111119140</id>
      <name>Abishek</name>
      <city>Mumbai</city>
      <Branch>Mech</Branch>
      <Year>III</Year>
   </PersonDetails>
   <PersonDetails>
      <id>106119032</id>
      <name>Satyamurti</name>
      <city>Karad</city>
      <Branch>CSE</Branch>
      <Year>III</Year>
   </PersonDetails>
   <PersonDetails>
      <id>111119012</id>
      <name>Dipesh</name>
      <city>Nepal</city>
      <Branch>Mech</Branch>
      <Year>IV</Year>
   </PersonDetails>
   <PersonDetails>
      <id>106119056</id>
      <name>Dhruv</name>
      <city>Surat</city>
      <Branch>CSE</Branch>
      <Year>IV</Year>
   </PersonDetails>
   <PersonDetails>
      <id>119129148</id>
      <name>Aryan</name>
      <city>Pune</city>
      <Branch>Mech</Branch>
      <Year>II</Year>
   </PersonDetails>
   <PersonDetails>
      <id>106119048</id>
      <name>Harsh</name>
      <city>Rajasthan</city>
      <Branch>CSE</Branch>
      <Year>I</Year>
   </PersonDetails>
   <PersonDetails>
      <id>106118002</id>
      <name>Yash</name>
      <city>Mumbai</city>
      <Branch>CSE</Branch>
      <Year>IV</Year>
   </PersonDetails>
   <PersonDetails>
      <id>107119105</id>
      <name>Arjun</name>
      <city>Chennai</city>
      <Branch>EEE</Branch>
      <Year>III</Year>
   </PersonDetails>
</Student>